Description,type,patient,period,is_other_cell,is_CD4_T_cell,is_CD8_T_cell,is_B_cell,is_myeloid_cell,is_proinflammatory_factor,Response,GeneRatio,BgRatio,pvalue,p.adjust,qvalue,geneID,Count,RF,tpm,contactCount,atac_count,id
ANDERSON_BLOOD_CN54GP140_ADJUVANTED_WITH_GLA_AF_AGE_18_45YO_1DY_DN,ART_long,ART,long,0,0,0,0,0,0,1,0.029585798816568,0.00398033247483025,0.000575869,0.031646459,0.028007739,5976/54878/10992/23355/23013,5,7.43299686738601,16.3078280046681,17.4902302368535,231,1
GSE10273_HIGH_VS_LOW_IL7_TREATED_IRF4_8_NULL_PRE_BCELL_DN,ART_long,ART,long,0,0,0,1,0,1,1,0.0414201183431953,0.00927183329431047,0.001031324,0.031646459,0.028007739,57690/727957/55187/23064/4700/6777/7409,7,4.46730619807543,15.5526929644108,46.9208736310757,461,2
GSE10325_CD4_TCELL_VS_BCELL_UP,ART_long,ART,long,0,1,1,0,0,0,2,0.0532544378698225,0.00927183329431047,2.94e-05,0.005149227,0.004557167,3655/1786/3560/23102/5305/6197/6777/50852/51176,9,5.74367939752555,14.2823624646537,23.513778882155,1120,3
GSE10325_CD4_TCELL_VS_MYELOID_UP,ART_long,ART,long,0,1,0,0,1,0,2,0.0414201183431953,0.00931866073519082,0.001061934,0.031646459,0.028007739,3655/1786/6767/3560/50852/51176/10055,7,4.44485742321073,13.1580878089523,22.8871950192395,799,4
GSE10325_LUPUS_CD4_TCELL_VS_LUPUS_BCELL_UP,ART_long,ART,long,0,1,0,1,0,0,2,0.0414201183431953,0.00931866073519082,0.001061934,0.031646459,0.028007739,3655/1786/23102/6777/50852/51176/51735,7,4.44485742321073,10.9440758217667,17.3400573509014,797,5
GSE10325_LUPUS_CD4_TCELL_VS_LUPUS_MYELOID_UP,ART_long,ART,long,0,1,0,0,1,0,2,0.0591715976331361,0.00931866073519082,4.36e-06,0.0024884,0.002202283,3655/6767/3560/5533/60468/6777/1911/51176/51735/9402,10,6.34979631887247,14.1417858597151,24.2438886061875,1033,6
GSE11057_CD4_CENT_MEM_VS_PBMC_UP,ART_long,ART,long,0,1,0,0,1,0,2,0.0414201183431953,0.00922500585343011,0.001001413,0.031646459,0.028007739,4363/8832/23048/55870/6777/2035/1911,7,4.48998287928393,18.0807373038507,33.1346138572137,823,7
GSE11057_EFF_MEM_VS_CENT_MEM_CD4_TCELL_DN,ART_long,ART,long,0,1,0,0,0,0,1,0.0650887573964497,0.00880355888550691,3.17e-07,0.001284409,0.001136727,4363/10144/753/5533/26036/55870/9736/23077/51176/22866/10055,11,7.3934596500063,8.82299320502489,24.5699678389942,1383,8
GSE11057_NAIVE_VS_CENT_MEMORY_CD4_TCELL_DN,ART_long,ART,long,0,1,0,0,0,0,1,0.0532544378698225,0.00931866073519082,3.06e-05,0.005149227,0.004557167,4967/4363/23406/8826/8832/196/9693/4026/10788,9,5.71481668698522,10.8776386004131,27.7483704380508,984,9
GSE11057_NAIVE_VS_MEMORY_CD4_TCELL_DN,ART_long,ART,long,0,1,0,0,0,0,1,0.0532544378698225,0.00927183329431047,2.94e-05,0.005149227,0.004557167,4967/23406/255231/8826/8832/196/4026/3560/10788,9,5.74367939752555,14.3091324314631,27.8167088304195,924,10
GSE11057_PBMC_VS_MEM_CD4_TCELL_DN,ART_long,ART,long,0,1,0,0,1,0,1,0.0414201183431953,0.00922500585343011,0.001001413,0.031646459,0.028007739,8832/5533/9267/6777/50852/2035/1911,7,4.48998287928393,17.9194412531424,24.0728189932216,620,11
GSE11386_NAIVE_VS_MEMORY_BCELL_DN,ART_long,ART,long,0,0,0,1,0,0,1,0.0473372781065089,0.00744556309997659,4.01e-05,0.006258326,0.005538742,64324/60468/55870/8672/23077/51176/7982/84186,8,6.35778348405344,8.5466822715859,27.609632441945,1106,12
GSE11961_FOLLICULAR_BCELL_VS_GERMINAL_CENTER_BCELL_DAY40_UP,ART_long,ART,long,0,0,0,1,0,0,2,0.0532544378698225,0.00936548817607118,3.18e-05,0.005149227,0.004557167,8826/26207/976/3716/79745/55870/10129/6645/23163,9,5.6862426035503,13.5553839744621,29.2969111131737,1108,13
GSE12003_MIR223_KO_VS_WT_BM_PROGENITOR_4D_CULTURE_UP,ART_long,ART,long,1,0,0,0,0,0,2,0.0414201183431953,0.00936548817607118,0.001093254,0.031646459,0.028007739,4215/60468/3716/9736/23077/51176/51735,7,4.42263313609467,14.558902020934,19.2535047411108,911,14
GSE12366_GC_BCELL_VS_PLASMA_CELL_UP,ART_long,ART,long,0,0,0,1,0,0,2,0.0414201183431953,0.00922500585343011,0.001001413,0.031646459,0.028007739,26528/817/60468/6777/9736/1399/10055,7,4.48998287928393,11.7376125241328,24.1486718008216,1043,15
GSE12366_PLASMA_CELL_VS_NAIVE_BCELL_DN,ART_long,ART,long,0,0,0,1,0,0,1,0.0414201183431953,0.00931866073519082,0.001061934,0.031646459,0.028007739,10163/8289/405/64421/10096/6197/1399,7,4.44485742321073,14.9501187031034,23.798286112724,491,16
GSE12392_IFNAR_KO_VS_IFNB_KO_CD8_NEG_SPLEEN_DC_UP,ART_long,ART,long,0,0,0,0,1,1,2,0.0414201183431953,0.00931866073519082,0.001061934,0.031646459,0.028007739,1786/65117/5533/29123/9267/51735/55818,7,4.44485742321073,16.999568529632,27.9751759080848,875,17
GSE12845_IGD_POS_BLOOD_VS_DARKZONE_GC_TONSIL_BCELL_DN,ART_long,ART,long,0,0,0,1,0,0,1,0.0414201183431953,0.00931866073519082,0.001061934,0.031646459,0.028007739,65117/60468/7251/6777/9736/23013/10055,7,4.44485742321073,13.2472461683994,15.2980301982231,969,18
GSE12845_IGD_POS_BLOOD_VS_NAIVE_TONSIL_BCELL_DN,ART_long,ART,long,0,0,0,1,0,0,1,0.0532544378698225,0.00931866073519082,3.06e-05,0.005149227,0.004557167,22992/65117/4026/9962/23112/976/8672/9698/23013,9,5.71481668698522,15.7050283964961,29.2278808828515,1090,19
GSE13411_NAIVE_BCELL_VS_PLASMA_CELL_UP,ART_long,ART,long,0,0,0,1,1,0,2,0.0591715976331361,0.00917817841254975,3.81e-06,0.0024884,0.002202283,11165/5976/60468/9466/976/64421/23064/23355/54856/1911,10,6.44698707885521,9.74669483743915,21.0560894673386,703,20
GSE13411_SWITCHED_MEMORY_BCELL_VS_PLASMA_CELL_UP,ART_long,ART,long,0,0,0,1,1,0,2,0.0473372781065089,0.00936548817607118,0.000198395,0.012943026,0.011454832,11165/26065/55187/64421/6197/57711/51735/55818,8,5.05443786982248,10.4409072096747,17.0814169326495,506,21
GSE13738_RESTING_VS_BYSTANDER_ACTIVATED_CD4_TCELL_DN,ART_long,ART,long,0,1,0,0,0,0,1,0.0414201183431953,0.00927183329431047,0.001031324,0.031646459,0.028007739,10048/753/4026/3560/976/8742/4700,7,4.46730619807543,17.8272773307016,31.9647416657,684,22
GSE13738_TCR_VS_BYSTANDER_ACTIVATED_CD4_TCELL_DN,ART_long,ART,long,0,1,0,0,0,0,1,0.0473372781065089,0.00927183329431047,0.000185253,0.012943026,0.011454832,3655/10144/196/57494/9267/23365/55683/23013,8,5.10549279780049,11.5146314109076,23.0992029716908,765,23
GSE14308_TH17_VS_NATURAL_TREG_DN,ART_long,ART,long,1,0,0,0,0,0,2,0.0414201183431953,0.00936548817607118,0.001093254,0.031646459,0.028007739,4967/57521/79956/146691/23355/23077/114799,7,4.42263313609467,6.34222837410985,37.766892878948,763,24
GSE14350_TREG_VS_TEFF_UP,ART_long,ART,long,1,0,0,0,0,0,2,0.0532544378698225,0.00931866073519082,3.06e-05,0.005149227,0.004557167,57153/9466/26036/29123/55870/9698/50852/51735/1399,9,5.71481668698522,19.480311957377,26.8542246479655,913,25
GSE14415_INDUCED_TREG_VS_FOXP3_KO_INDUCED_TREG_UP,ART_long,ART,long,1,0,0,0,0,1,2,0.0414201183431953,0.00805431983142121,0.000449248,0.026535997,0.02348488,8289/9466/23064/50852/84937/51176/51735,7,5.14259666987753,12.1603515525921,22.4792776244206,621,26
GSE1460_INTRATHYMIC_T_PROGENITOR_VS_CD4_THYMOCYTE_DN,ART_long,ART,long,1,1,0,0,0,0,1,0.0414201183431953,0.00931866073519082,0.001061934,0.031646459,0.028007739,23406/79956/3560/60468/9466/3716/7409,7,4.44485742321073,15.4429281931897,38.5882526440972,809,27
GSE1460_INTRATHYMIC_T_PROGENITOR_VS_THYMIC_STROMAL_CELL_UP,ART_long,ART,long,1,0,0,0,0,0,2,0.0414201183431953,0.00927183329431047,0.001031324,0.031646459,0.028007739,7818/284001/59269/54878/64421/50852/23077,7,4.46730619807543,6.60158614321014,30.3034670194425,649,28
GSE14699_NAIVE_VS_DELETIONAL_TOLERANCE_CD8_TCELL_UP,ART_long,ART,long,0,0,1,0,0,0,2,0.0355029585798817,0.0071177710138141,0.001345533,0.038692932,0.034244007,57690/9466/324/55870/50852/51176,6,4.98793210837745,7.39111361814217,20.2075539442181,480,29
GSE15330_HSC_VS_MEGAKARYOCYTE_ERYTHROID_PROGENITOR_DN,ART_long,ART,long,1,0,0,0,0,0,1,0.0414201183431953,0.00786701006789979,0.000390018,0.023353003,0.020667868,4215/146691/60468/50852/84937/23077/51735,7,5.26503944773176,8.24603224609397,21.3411274400182,584,30
GSE15330_HSC_VS_MEGAKARYOCYTE_ERYTHROID_PROGENITOR_UP,ART_long,ART,long,1,0,0,0,0,0,2,0.0532544378698225,0.00758604542261765,5.9e-06,0.002866495,0.002536905,4215/146691/60468/9466/50852/84937/51176/51735/9402,9,7.02005259697567,6.47373215428159,19.8564245918746,875,31
GSE15330_LYMPHOID_MULTIPOTENT_VS_GRANULOCYTE_MONOCYTE_PROGENITOR_UP,ART_long,ART,long,1,0,0,0,1,0,2,0.0473372781065089,0.00931866073519082,0.000191731,0.012943026,0.011454832,79956/23048/5305/54878/976/10096/51735/1399,8,5.07983705509797,13.9602049867646,38.3880794156836,918,32
GSE15330_LYMPHOID_MULTIPOTENT_VS_MEGAKARYOCYTE_ERYTHROID_PROGENITOR_IKAROS_KO_UP,ART_long,ART,long,1,0,0,0,0,0,2,0.0532544378698225,0.00777335518613908,7.2e-06,0.003145152,0.002783521,57690/4215/146691/60468/9466/50852/84937/51176/51735,9,6.85089470307265,6.50766164478757,21.7368793040125,843,33
GSE15624_CTRL_VS_3H_HALOFUGINONE_TREATED_CD4_TCELL_UP,ART_long,ART,long,0,1,0,0,0,0,2,0.0355029585798817,0.00749239054085694,0.0017471,0.049912239,0.044173315,3655/8826/196/55193/117584/50852,6,4.73853550295858,6.56854524104266,19.9536729960819,526,34
GSE16385_MONOCYTE_VS_12H_IL4_TREATED_MACROPHAGE_DN,ART_long,ART,long,0,0,0,0,1,1,1,0.0414201183431953,0.00936548817607118,0.001093254,0.031646459,0.028007739,23406/4795/8289/549/9466/9267/55683,7,4.42263313609467,16.0673070053337,25.2894150099466,485,35
GSE16385_ROSIGLITAZONE_IL4_VS_IFNG_TNF_STIM_MACROPHAGE_UP,ART_long,ART,long,0,0,0,0,1,1,2,0.0414201183431953,0.00936548817607118,0.001093254,0.031646459,0.028007739,22992/26207/10479/3560/23102/60468/3716,7,4.42263313609467,18.3439743184172,29.6182809760726,1091,36
GSE16450_IMMATURE_VS_MATURE_NEURON_CELL_LINE_12H_IFNA_STIM_UP,ART_long,ART,long,1,0,0,0,0,1,2,0.0473372781065089,0.00936548817607118,0.000198395,0.012943026,0.011454832,29035/4215/8832/9693/976/55870/9267/51735,8,5.05443786982248,29.1678152881513,22.6780513564174,611,37
GSE16755_CTRL_VS_IFNA_TREATED_MAC_UP,ART_long,ART,long,0,0,0,0,1,1,1,0.0414201183431953,0.0091313509716694,0.00094364,0.031646459,0.028007739,1786/10144/23214/23355/2035/114799/55818,7,4.53603398573813,13.7632059397797,22.9283158709071,620,38
GSE17186_NAIVE_VS_CD21HIGH_TRANSITIONAL_BCELL_DN,ART_long,ART,long,0,0,0,1,0,0,1,0.0473372781065089,0.00936548817607118,0.000198395,0.012943026,0.011454832,1786/196/23443/55236/51460/92181/7798/1871,8,5.05443786982248,6.08690471302669,18.7456903069015,597,39
GSE17186_NAIVE_VS_CD21LOW_TRANSITIONAL_BCELL_DN,ART_long,ART,long,0,0,0,1,0,0,1,0.0532544378698225,0.00936548817607118,3.18e-05,0.005149227,0.004557167,57153/55972/6223/3560/3716/728621/23064/9267/6777,9,5.6862426035503,56.8646736436624,30.7572371857932,723,40
GSE17301_CTRL_VS_48H_ACD3_ACD28_IFNA5_STIM_CD8_TCELL_UP,ART_long,ART,long,0,0,1,0,0,1,2,0.0414201183431953,0.00936548817607118,0.001093254,0.031646459,0.028007739,10048/8289/1954/50650/5305/23112/51735,7,4.42263313609467,11.8948617806121,24.2194157383305,1017,41
GSE17721_0.5H_VS_24H_CPG_BMDC_UP,ART_long,ART,long,0,0,0,0,1,0,2,0.0414201183431953,0.00936548817607118,0.001093254,0.031646459,0.028007739,3655/6223/976/10788/6197/23077/128866,7,4.42263313609467,48.8158030193191,21.1739243245891,440,42
GSE17721_CTRL_VS_CPG_24H_BMDC_UP,ART_long,ART,long,0,0,0,0,1,0,2,0.0473372781065089,0.00936548817607118,0.000198395,0.012943026,0.011454832,8832/7813/202052/3716/55870/9267/2035/375748,8,5.05443786982248,16.2104969808412,24.6836936042763,986,43
GSE17721_LPS_VS_POLYIC_16H_BMDC_DN,ART_long,ART,long,0,0,0,0,1,0,1,0.0414201183431953,0.00936548817607118,0.001093254,0.031646459,0.028007739,57153/7009/23214/3560/817/10096/1871,7,4.42263313609467,33.1061790715455,23.8522556530754,573,44
GSE17721_PAM3CSK4_VS_GADIQUIMOD_6H_BMDC_UP,ART_long,ART,long,0,0,0,0,1,0,2,0.0414201183431953,0.00936548817607118,0.001093254,0.031646459,0.028007739,255231/5976/7813/9962/976/26036/1739,7,4.42263313609467,9.76147914064816,26.6113421145454,520,45
GSE17721_PAM3CSK4_VS_GADIQUIMOD_8H_BMDC_DN,ART_long,ART,long,0,0,0,0,1,0,1,0.0414201183431953,0.00936548817607118,0.001093254,0.031646459,0.028007739,10048/4795/8832/23214/54815/117584/128866,7,4.42263313609467,14.6434143243501,24.9394321160238,519,46
GSE18893_CTRL_VS_TNF_TREATED_TREG_2H_DN,ART_long,ART,long,1,0,0,0,0,0,1,0.0414201183431953,0.00936548817607118,0.001093254,0.031646459,0.028007739,10048/29035/727957/54899/26065/976/871,7,4.42263313609467,22.6365139400468,25.2283033610245,301,47
GSE1925_3H_VS_24H_IFNG_STIM_IFNG_PRIMED_MACROPHAGE_DN,ART_long,ART,long,0,0,0,0,1,1,1,0.0414201183431953,0.00936548817607118,0.001093254,0.031646459,0.028007739,1786/26207/9962/549/324/6891/1399,7,4.42263313609467,15.8729719166826,35.1392184469705,601,48
GSE20198_UNTREATED_VS_IL12_IL18_TREATED_ACT_CD4_TCELL_UP,ART_long,ART,long,0,1,0,0,0,1,2,0.0532544378698225,0.00931866073519082,3.06e-05,0.005149227,0.004557167,55972/26065/146691/5533/10992/9274/5094/55683/7798,9,5.71481668698522,29.6506470250619,13.3062849090215,462,49
GSE20484_MCSG_VS_CXCL4_MONOCYTE_DERIVED_MACROPHAGE_DN,ART_long,ART,long,0,0,0,0,1,1,1,0.0532544378698225,0.0091313509716694,2.61e-05,0.005149227,0.004557167,5305/64421/3716/26036/54165/23064/117584/6777/23365,9,5.83204369594902,12.0101895594538,23.688737165947,940,50
GSE20715_WT_VS_TLR4_KO_LUNG_UP,ART_long,ART,long,0,0,0,0,0,0,2,0.0473372781065089,0.00936548817607118,0.000198395,0.012943026,0.011454832,6767/4026/54815/976/3716/54165/871/51735,8,5.05443786982248,12.5838988706986,17.7843416589088,797,51
GSE21033_1H_VS_12H_POLYIC_STIM_DC_DN,ART_long,ART,long,0,0,0,0,1,0,1,0.0355029585798817,0.00660266916413018,0.000913265,0.031646459,0.028007739,3077/23443/23112/3716/56852/50852,6,5.37706156364094,10.4568798847896,21.4653729521026,539,52
GSE21063_CTRL_VS_ANTI_IGM_STIM_BCELL_NFATC1_KO_3H_DN,ART_long,ART,long,0,0,0,1,0,1,1,0.0414201183431953,0.00880355888550691,0.000761809,0.031646459,0.028007739,283450/57494/55187/148867/79745/56204/7798,7,4.70492886818582,4.62757442474732,22.3213033486498,500,53
GSE21546_WT_VS_SAP1A_KO_AND_ELK1_KO_DP_THYMOCYTES_DN,ART_long,ART,long,1,0,0,0,0,0,1,0.0532544378698225,0.00936548817607118,3.18e-05,0.005149227,0.004557167,26207/26065/23048/60468/54165/10129/1911/7798/65979,9,5.6862426035503,6.55593441179371,33.5998414138141,1255,54
GSE21546_WT_VS_SAP1A_KO_ANTI_CD3_STIM_DP_THYMOCYTES_DN,ART_long,ART,long,1,0,0,0,0,0,1,0.0414201183431953,0.00936548817607118,0.001093254,0.031646459,0.028007739,4363/55236/55870/10454/6891/9736/1399,7,4.42263313609467,21.5659623341601,29.3427348218001,470,55
GSE21670_TGFB_VS_IL6_TREATED_STAT3_KO_CD4_TCELL_DN,ART_long,ART,long,0,1,0,0,0,1,1,0.0414201183431953,0.00936548817607118,0.001093254,0.031646459,0.028007739,26207/4215/8832/9466/976/9267/23077,7,4.42263313609467,19.5295329248087,30.6450852746239,634,56
GSE21670_UNTREATED_VS_IL6_TREATED_CD4_TCELL_DN,ART_long,ART,long,0,1,0,0,0,1,1,0.0414201183431953,0.00936548817607118,0.001093254,0.031646459,0.028007739,22992/26207/8289/55187/54815/5305/23112,7,4.42263313609467,17.0267397809807,34.3676842875553,1237,57
GSE21774_CD62L_POS_CD56_BRIGHT_VS_CD62L_NEG_CD56_DIM_NK_CELL_DN,ART_long,ART,long,1,0,0,0,0,0,1,0.0414201183431953,0.00936548817607118,0.001093254,0.031646459,0.028007739,3655/26207/26065/283450/2035/1911/7982,7,4.42263313609467,4.72127651167488,21.4007243869368,778,58
GSE21774_CD62L_POS_CD56_DIM_VS_CD62L_NEG_CD56_DIM_NK_CELL_UP,ART_long,ART,long,1,0,0,0,0,0,2,0.0414201183431953,0.00931866073519082,0.001061934,0.031646459,0.028007739,3655/8826/59269/4026/9466/6197/7409,7,4.44485742321073,5.87399254377096,23.5459437860849,821,59
GSE21927_BALBC_VS_C57BL6_MONOCYTE_SPLEEN_UP,ART_long,ART,long,0,0,0,0,1,0,1,0.0414201183431953,0.00885038632638726,0.000785931,0.031646459,0.028007739,60468/6197/9698/57711/51176/1871/84186,7,4.68003506465045,7.70482471960606,18.0938114521265,736,60
GSE21927_C26GM_VS_4T1_TUMOR_MONOCYTE_BALBC_DN,ART_long,ART,long,0,0,0,0,1,0,1,0.0473372781065089,0.00931866073519082,0.000191731,0.012943026,0.011454832,26207/283450/10163/54878/1739/2035/1911/1871,8,5.07983705509797,6.106218168745,28.8521742764004,818,61
GSE22342_CD11C_HIGH_VS_LOW_DECIDUAL_MACROPHAGES_UP,ART_long,ART,long,0,0,0,0,1,0,2,0.0414201183431953,0.00927183329431047,0.001031324,0.031646459,0.028007739,11165/3077/23102/3683/202052/8672/9267,7,4.46730619807543,38.8491917873074,25.7844835835063,601,62
GSE22886_CD4_TCELL_VS_BCELL_NAIVE_UP,ART_long,ART,long,0,1,0,1,0,0,2,0.0473372781065089,0.00927183329431047,0.000185253,0.012943026,0.011454832,26207/3683/9466/976/10788/50852/51176/10055,8,5.10549279780049,36.8593810470645,20.8609348047926,1116,63
GSE22886_NAIVE_CD4_TCELL_VS_12H_ACT_TH1_UP,ART_long,ART,long,1,1,0,0,0,0,2,0.0414201183431953,0.00931866073519082,0.001061934,0.031646459,0.028007739,26065/23048/55187/23064/23355/1911/23077,7,4.44485742321073,12.4820252866105,36.1428375101082,464,64
GSE22886_NAIVE_CD4_TCELL_VS_12H_ACT_TH2_UP,ART_long,ART,long,0,1,0,0,0,0,2,0.0473372781065089,0.00931866073519082,0.000191731,0.012943026,0.011454832,55187/1739/27296/6777/9736/5094/1911/23077,8,5.07983705509797,35.2804170674031,27.922112806965,557,65
GSE22886_NAIVE_CD8_TCELL_VS_DC_UP,ART_long,ART,long,0,0,1,0,1,0,2,0.0414201183431953,0.00931866073519082,0.001061934,0.031646459,0.028007739,3560/60468/5305/9267/6777/57711/9402,7,4.44485742321073,20.1739406526341,33.7960184520813,1003,66
GSE22886_NAIVE_CD8_TCELL_VS_MONOCYTE_UP,ART_long,ART,long,0,0,1,0,1,0,2,0.0414201183431953,0.00931866073519082,0.001061934,0.031646459,0.028007739,3655/3560/60468/57711/51176/51735/9402,7,4.44485742321073,14.1555052549631,23.7835204565414,837,67
GSE22886_TCELL_VS_BCELL_NAIVE_UP,ART_long,ART,long,1,0,0,1,0,0,2,0.0591715976331361,0.00931866073519082,4.36e-06,0.0024884,0.002202283,3655/26207/3683/9466/976/6777/9274/51176/22870/10055,10,6.34979631887247,34.7375273988535,20.0382930708416,1293,68
GSE22886_UNSTIM_VS_STIM_MEMORY_TCELL_UP,ART_long,ART,long,1,0,0,0,0,0,1,0.0414201183431953,0.00927183329431047,0.001031324,0.031646459,0.028007739,3655/26207/26065/3077/5305/976/8742,7,4.46730619807543,7.93105039029961,19.5112200657657,788,69
GSE23505_UNTREATED_VS_4DAY_IL6_IL1_TGFB_TREATED_CD4_TCELL_UP,ART_long,ART,long,0,1,0,0,0,1,2,0.0473372781065089,0.00931866073519082,0.000191731,0.012943026,0.011454832,3655/255231/59269/1954/50650/10767/9736/84937,8,5.07983705509797,2.98446804819671,16.2594884295415,1061,70
GSE23568_CTRL_VS_ID3_TRANSDUCED_CD8_TCELL_UP,ART_long,ART,long,0,0,1,0,0,0,2,0.0414201183431953,0.00936548817607118,0.001093254,0.031646459,0.028007739,3655/10048/9466/976/55870/23077/9402,7,4.42263313609467,12.8263271902998,20.4206426043067,539,71
GSE24026_PD1_LIGATION_VS_CTRL_IN_ACT_TCELL_LINE_DN,ART_long,ART,long,1,0,0,0,0,0,1,0.0473372781065089,0.00936548817607118,0.000198395,0.012943026,0.011454832,6929/23214/65117/54815/54878/55683/22870/55818,8,5.05443786982248,19.8623173080382,17.5027286728666,482,72
GSE24142_ADULT_VS_FETAL_DN3_THYMOCYTE_UP,ART_long,ART,long,1,0,0,0,0,0,2,0.0414201183431953,0.00936548817607118,0.001093254,0.031646459,0.028007739,26207/8832/5305/9466/50852/51735/7982,7,4.42263313609467,9.00474745920469,20.0481494537526,913,73
GSE24142_ADULT_VS_FETAL_EARLY_THYMIC_PROGENITOR_UP,ART_long,ART,long,1,0,0,0,0,0,2,0.0414201183431953,0.00936548817607118,0.001093254,0.031646459,0.028007739,6337/26207/4026/5305/9466/9267/54856,7,4.42263313609467,7.42474084790427,29.4199739318264,1095,74
GSE24210_CTRL_VS_IL35_TREATED_TCONV_CD4_TCELL_UP,ART_long,ART,long,0,1,0,0,0,1,2,0.0532544378698225,0.00936548817607118,3.18e-05,0.005149227,0.004557167,3655/57153/4215/54899/4026/3716/10129/9267/55818,9,5.6862426035503,21.3935327067184,27.3347659779087,958,75
GSE24210_RESTING_TREG_VS_TCONV_UP,ART_long,ART,long,1,0,0,0,0,0,2,0.0473372781065089,0.00936548817607118,0.000198395,0.012943026,0.011454832,57690/54899/4026/3683/3716/79801/10129/9267,8,5.05443786982248,38.3180447565657,34.756385041684,793,76
GSE24671_CTRL_VS_SENDAI_VIRUS_INFECTED_MOUSE_SPLENOCYTES_DN,ART_long,ART,long,1,0,0,0,0,0,1,0.0473372781065089,0.00931866073519082,0.000191731,0.012943026,0.011454832,57690/26207/9693/55187/3683/10788/8672/2035,8,5.07983705509797,33.6134810171067,33.0516999919606,1010,77
GSE25087_TREG_VS_TCONV_FETUS_UP,ART_long,ART,long,1,0,0,0,0,0,2,0.0414201183431953,0.00927183329431047,0.001031324,0.031646459,0.028007739,10144/196/7813/3560/23048/3683/10055,7,4.46730619807543,42.6983234785514,35.3138704784721,1055,78
GSE25677_MPL_VS_R848_STIM_BCELL_DN,ART_long,ART,long,0,0,0,1,0,0,1,0.0532544378698225,0.00847576679934442,1.44e-05,0.005149227,0.004557167,1786/8826/10163/50650/60468/3716/10129/6197/9402,9,6.28314099839812,10.6833790589441,27.8308068664569,1269,79
GSE26030_TH1_VS_TH17_DAY5_POST_POLARIZATION_DN,ART_long,ART,long,1,0,0,0,0,0,1,0.0473372781065089,0.00922500585343011,0.000178955,0.012943026,0.011454832,4363/23406/59269/9962/3683/5305/976/92181,8,5.13140900489592,38.786614277412,36.2449234399919,939,80
GSE26488_CTRL_VS_PEPTIDE_INJECTION_OT2_THYMOCYTE_DN,ART_long,ART,long,1,0,0,0,0,0,1,0.0532544378698225,0.00856942168110513,1.58e-05,0.005149227,0.004557167,8826/54899/10163/8289/50650/60468/3716/10129/51735,9,6.21447279076535,12.9104043280779,24.8530834270646,1221,81
GSE26495_NAIVE_VS_PD1LOW_CD8_TCELL_DN,ART_long,ART,long,0,0,1,0,0,0,1,0.0473372781065089,0.00931866073519082,0.000191731,0.012943026,0.011454832,255231/4026/3560/3683/4277/8742/8672/6645,8,5.07983705509797,35.6490264697463,25.874174086586,772,82
GSE27291_0H_VS_7D_STIM_GAMMADELTA_TCELL_DN,ART_long,ART,long,1,0,0,0,0,0,1,0.0473372781065089,0.00889721376726762,0.000139623,0.012943026,0.011454832,10048/29035/3683/405/5305/51460/79745/29123,8,5.32046091560262,48.1496490294738,20.8678263911923,959,83
GSE2770_UNTREATED_VS_IL12_TREATED_ACT_CD4_TCELL_2H_UP,ART_long,ART,long,0,1,0,0,0,1,2,0.0650887573964497,0.00936548817607118,5.88e-07,0.001284409,0.001136727,8826/7009/4215/9693/23214/3716/10788/10129/6777/23604/6873,11,6.94985207100592,13.5752300101011,26.3347151743271,1025,84
GSE2770_UNTREATED_VS_TGFB_AND_IL12_TREATED_ACT_CD4_TCELL_6H_UP,ART_long,ART,long,0,1,0,0,0,1,2,0.0414201183431953,0.00936548817607118,0.001093254,0.031646459,0.028007739,29035/64421/55870/7251/79058/56204/55818,7,4.42263313609467,20.7979022442749,19.3623085361205,366,85
GSE27786_ERYTHROBLAST_VS_MONO_MAC_DN,ART_long,ART,long,1,0,0,0,1,0,1,0.0473372781065089,0.00936548817607118,0.000198395,0.012943026,0.011454832,11165/9851/50650/64421/6197/56204/84937/23077,8,5.05443786982248,5.49629687554193,24.6602969534349,570,86
GSE27786_ERYTHROBLAST_VS_NEUTROPHIL_DN,ART_long,ART,long,1,0,0,0,0,0,1,0.0414201183431953,0.00936548817607118,0.001093254,0.031646459,0.028007739,4795/6767/23443/55187/6197/84937/1822,7,4.42263313609467,6.94551445774616,24.2482748779018,430,87
GSE27786_LIN_NEG_VS_CD4_TCELL_DN,ART_long,ART,long,0,1,0,0,0,0,1,0.0473372781065089,0.00936548817607118,0.000198395,0.012943026,0.011454832,6223/10048/3560/3683/3716/29123/10992/56204,8,5.05443786982248,79.612588110795,27.8521818714699,828,88
GSE27786_LIN_NEG_VS_CD8_TCELL_DN,ART_long,ART,long,0,0,1,0,0,0,1,0.0414201183431953,0.00936548817607118,0.001093254,0.031646459,0.028007739,10048/55187/378938/3683/10992/6197/114799,7,4.42263313609467,785.999679089312,21.1102289814454,403,89
GSE27896_HDAC6_KO_VS_WT_TREG_UP,ART_long,ART,long,1,0,0,0,0,0,2,0.0473372781065089,0.00824162959494264,8.21e-05,0.011961323,0.010586007,7818/23303/6767/9466/23064/9698/22870/7409,8,5.74367939752555,9.349585298264,21.9529945851967,371,90
GSE28726_ACT_CD4_TCELL_VS_ACT_NKTCELL_DN,ART_long,ART,long,1,1,0,0,0,0,1,0.0473372781065089,0.00931866073519082,0.000191731,0.012943026,0.011454832,8705/3655/22992/26065/3716/9267/23355/55818,8,5.07983705509797,17.4927457119366,18.924645238534,718,91
GSE29618_PRE_VS_DAY7_POST_TIV_FLU_VACCINE_MONOCYTE_UP,ART_long,ART,long,0,0,0,0,1,0,2,0.0414201183431953,0.00927183329431047,0.001031324,0.031646459,0.028007739,8705/9851/1060/728621/79058/2035/54856,7,4.46730619807543,5.25701136858443,18.7085525472625,373,92
GSE29618_PRE_VS_DAY7_POST_TIV_FLU_VACCINE_PDC_DN,ART_long,ART,long,0,0,0,0,0,0,1,0.0473372781065089,0.00936548817607118,0.000198395,0.012943026,0.011454832,23476/4967/4026/23048/54815/10767/54856/23077,8,5.05443786982248,11.8137720525079,27.809119704227,1038,93
GSE29949_MICROGLIA_BRAIN_VS_MONOCYTE_BONE_MARROW_DN,ART_long,ART,long,1,0,0,0,1,0,1,0.0473372781065089,0.00936548817607118,0.000198395,0.012943026,0.011454832,1786/1060/55187/976/10129/23355/9736/23163,8,5.05443786982248,14.5331458895346,27.3665409121964,653,94
GSE30083_SP2_VS_SP4_THYMOCYTE_DN,ART_long,ART,long,1,0,0,0,0,0,1,0.0414201183431953,0.00936548817607118,0.001093254,0.031646459,0.028007739,3655/727957/3560/5533/23443/976/6645,7,4.42263313609467,14.5149710770906,36.2473814552435,621,95
GSE30962_ACUTE_VS_CHRONIC_LCMV_SECONDARY_INF_CD8_TCELL_UP,ART_long,ART,long,0,0,1,0,0,1,2,0.0473372781065089,0.00936548817607118,0.000198395,0.012943026,0.011454832,57690/26207/753/23048/3716/10788/10129/51176,8,5.05443786982248,9.80674599603313,46.0114071831597,1392,96
GSE31082_DN_VS_CD8_SP_THYMOCYTE_UP,ART_long,ART,long,1,0,0,0,0,0,2,0.0414201183431953,0.00936548817607118,0.001093254,0.031646459,0.028007739,26528/55236/10767/92912/7531/375748/1871,7,4.42263313609467,8.14389409859635,20.1559035539953,400,97
GSE32423_IL7_VS_IL7_IL4_NAIVE_CD8_TCELL_DN,ART_long,ART,long,0,0,1,0,0,1,1,0.0414201183431953,0.00936548817607118,0.001093254,0.031646459,0.028007739,8705/65117/5533/50852/56204/5094/6873,7,4.42263313609467,32.0854832221364,12.7222844674297,263,98
GSE32986_UNSTIM_VS_CURDLAN_LOWDOSE_STIM_DC_DN,ART_long,ART,long,0,0,0,0,1,0,1,0.0473372781065089,0.00936548817607118,0.000198395,0.012943026,0.011454832,23406/255231/8832/23102/3683/6645/23365/1871,8,5.05443786982248,36.7911726602309,20.1826901264143,617,99
GSE33162_HDAC3_KO_VS_HDAC3_KO_4H_LPS_STIM_MACROPHAGE_UP,ART_long,ART,long,0,0,0,0,1,0,2,0.0414201183431953,0.00936548817607118,0.001093254,0.031646459,0.028007739,26528/65117/5305/23077/1399/64783/128866,7,4.42263313609467,33.7177247090479,30.808308976785,399,100
GSE339_CD4POS_VS_CD4CD8DN_DC_UP,ART_long,ART,long,0,0,0,0,1,0,2,0.0414201183431953,0.00936548817607118,0.001093254,0.031646459,0.028007739,11165/10163/3077/57649/5305/1739/5094,7,4.42263313609467,41.3466839795747,22.4138732558172,587,101
GSE34205_RSV_VS_FLU_INF_INFANT_PBMC_DN,ART_long,ART,long,0,0,0,0,1,0,1,0.0414201183431953,0.0091313509716694,0.00094364,0.031646459,0.028007739,7009/8832/128710/3683/23064/283989/219988,7,4.53603398573813,45.3740395296704,29.903406137189,351,102
GSE35685_CD34POS_CD38NEG_VS_CD34POS_CD10NEG_CD62LPOS_BONE_MARROW_UP,ART_long,ART,long,0,0,0,0,0,0,2,0.0414201183431953,0.00936548817607118,0.001093254,0.031646459,0.028007739,23476/8826/4215/26065/4700/7251/23077,7,4.42263313609467,15.8787935846699,19.788030293848,168,103
GSE35825_IFNA_VS_IFNG_STIM_MACROPHAGE_DN,ART_long,ART,long,0,0,0,0,1,1,1,0.0414201183431953,0.00936548817607118,0.001093254,0.031646459,0.028007739,11165/1786/23112/10788/10129/8672/23064,7,4.42263313609467,7.95832301479259,38.6504169481288,806,104
GSE360_DC_VS_MAC_L_DONOVANI_DN,ART_long,ART,long,0,0,0,0,1,0,1,0.0532544378698225,0.00936548817607118,3.18e-05,0.005149227,0.004557167,7009/23443/6613/3683/10788/6197/8065/7409/55818,9,5.6862426035503,43.4650846079112,18.925690689889,640,105
GSE360_L_DONOVANI_VS_B_MALAYI_LOW_DOSE_DC_DN,ART_long,ART,long,0,0,0,0,1,0,1,0.0414201183431953,0.00936548817607118,0.001093254,0.031646459,0.028007739,23443/3683/5305/10129/6197/5094/7409,7,4.42263313609467,65.1120059272688,27.3057623669133,663,106
GSE36891_UNSTIM_VS_PAM_TLR2_STIM_PERITONEAL_MACROPHAGE_UP,ART_long,ART,long,0,0,0,0,1,0,2,0.0414201183431953,0.00936548817607118,0.001093254,0.031646459,0.028007739,23406/196/29123/56204/51735/7982/8726,7,4.42263313609467,8.34057119245809,25.5101009962642,917,107
GSE369_IFNG_KO_VS_WT_LIVER_UP,ART_long,ART,long,0,0,0,0,0,1,2,0.0473372781065089,0.00931866073519082,0.000191731,0.012943026,0.011454832,57690/60468/64421/3716/79801/9267/51176/65979,8,5.07983705509797,13.3333707645767,29.0124919300415,1101,108
GSE37301_LYMPHOID_PRIMED_MPP_VS_GRAN_MONO_PROGENITOR_DN,ART_long,ART,long,1,0,0,0,0,0,1,0.0414201183431953,0.00927183329431047,0.001031324,0.031646459,0.028007739,1786/6613/23112/54878/79058/1911/1871,7,4.46730619807543,19.9710859885874,29.1875707240102,549,109
GSE37301_MULTIPOTENT_PROGENITOR_VS_COMMON_LYMPHOID_PROGENITOR_UP,ART_long,ART,long,1,0,0,0,0,0,2,0.0414201183431953,0.00786701006789979,0.000390018,0.023353003,0.020667868,3655/7818/5305/3716/4700/79613/51176,7,5.26503944773176,12.5596654628505,19.4794762815562,1001,110
GSE37416_0H_VS_12H_F_TULARENSIS_LVS_NEUTROPHIL_DN,ART_long,ART,long,1,0,0,0,0,0,1,0.0414201183431953,0.00931866073519082,0.001061934,0.031646459,0.028007739,23476/57494/1911/55683/51735/128866/219988,7,4.44485742321073,11.2238345995322,17.5198512978153,253,111
GSE37532_WT_VS_PPARG_KO_LN_TCONV_UP,ART_long,ART,long,1,0,0,0,0,0,2,0.0532544378698225,0.00936548817607118,3.18e-05,0.005149227,0.004557167,57690/65117/55187/60468/7745/5305/9466/9736/51735,9,5.6862426035503,10.5740640483622,21.9088994042422,988,112
GSE37563_WT_VS_CTLA4_KO_CD4_TCELL_D4_POST_IMMUNIZATION_UP,ART_long,ART,long,0,1,0,0,0,0,2,0.0414201183431953,0.00772652774525872,0.000349839,0.021844928,0.019333191,727957/10479/146691/23064/22866/51735/9402,7,5.36076743769052,7.40004719723072,35.8160109911329,399,113
GSE38696_LIGHT_ZONE_VS_DARK_ZONE_BCELL_UP,ART_long,ART,long,0,0,0,1,0,0,2,0.0591715976331361,0.00861624912198548,2.16e-06,0.002360926,0.002089466,26207/549/55187/5305/23365/23077/8065/51735/7409/84186,10,6.86744275791099,6.10252928465019,27.8100135455891,1014,114
GSE3920_IFNB_VS_IFNG_TREATED_ENDOTHELIAL_CELL_UP,ART_long,ART,long,1,0,0,0,0,1,2,0.0414201183431953,0.00782018262701943,0.000376235,0.023162293,0.020499086,8705/6223/79801/4700/50852/84937/51176,7,5.2965666300535,45.1270438021287,15.5745007622481,380,115
GSE3982_MEMORY_CD4_TCELL_VS_BCELL_UP,ART_long,ART,long,0,1,0,1,0,0,2,0.0473372781065089,0.00931866073519082,0.000191731,0.012943026,0.011454832,3655/1786/3560/54878/976/10129/50852/9402,8,5.07983705509797,14.1927858634817,30.6957008636015,648,116
GSE3982_NEUTROPHIL_VS_CENT_MEMORY_CD4_TCELL_UP,ART_long,ART,long,1,1,0,0,0,0,2,0.0414201183431953,0.00936548817607118,0.001093254,0.031646459,0.028007739,8705/23406/9693/976/8672/23355/1871,7,4.42263313609467,9.59598858989001,20.5347434727912,492,117
GSE40068_BCL6_POS_VS_NEG_CXCR5_POS_TFH_DN,ART_long,ART,long,1,0,0,0,0,1,1,0.0414201183431953,0.00931866073519082,0.001061934,0.031646459,0.028007739,753/9693/9466/84937/114799/51735/1822,7,4.44485742321073,4.4500391146926,28.001464124041,721,118
GSE40273_EOS_KO_VS_WT_TREG_DN,ART_long,ART,long,1,0,0,0,0,0,1,0.0414201183431953,0.00931866073519082,0.001061934,0.031646459,0.028007739,57153/55972/57690/26207/60468/54165/23163,7,4.44485742321073,19.6693598629956,27.7923843098186,758,119
GSE40273_GATA1_KO_VS_WT_TREG_DN,ART_long,ART,long,1,0,0,0,0,0,1,0.0473372781065089,0.00931866073519082,0.000191731,0.012943026,0.011454832,196/4026/60468/9466/3716/54165/29123/9267,8,5.07983705509797,13.2562931643852,31.0542031242287,1413,120
GSE40666_UNTREATED_VS_IFNA_STIM_STAT4_KO_EFFECTOR_CD8_TCELL_90MIN_DN,ART_long,ART,long,0,0,1,0,0,1,1,0.0414201183431953,0.00931866073519082,0.001061934,0.031646459,0.028007739,57690/60468/8672/9698/79613/22866/9402,7,4.44485742321073,4.8668320183538,27.5762974641151,821,121
GSE42021_CD24LO_TREG_VS_CD24LO_TCONV_THYMUS_UP,ART_long,ART,long,1,0,0,0,0,0,2,0.0414201183431953,0.00936548817607118,0.001093254,0.031646459,0.028007739,26207/64324/55870/11163/7409/128866/1822,7,4.42263313609467,9.37253218684919,35.1886480544323,739,122
GSE43955_TH0_VS_TGFB_IL6_TH17_ACT_CD4_TCELL_60H_UP,ART_long,ART,long,0,1,0,0,0,1,2,0.0414201183431953,0.00936548817607118,0.001093254,0.031646459,0.028007739,4363/59269/10163/976/10767/6197/7251,7,4.42263313609467,12.1864813139691,21.5726296450292,809,123
GSE45365_NK_CELL_VS_CD8_TCELL_MCMV_INFECTION_UP,ART_long,ART,long,1,0,1,0,0,0,2,0.0414201183431953,0.00927183329431047,0.001031324,0.031646459,0.028007739,1786/10479/4026/50650/9466/10788/8672,7,4.46730619807543,3.91913989439148,20.1836235442845,966,124
GSE45739_UNSTIM_VS_ACD3_ACD28_STIM_NRAS_KO_CD4_TCELL_UP,ART_long,ART,long,0,1,0,0,0,0,2,0.0591715976331361,0.00936548817607118,4.55e-06,0.0024884,0.002202283,3655/7818/10144/6767/10129/6777/23355/50852/1911/51176,10,6.31804733727811,8.29467949962001,23.2876234694354,755,125
GSE45739_UNSTIM_VS_ACD3_ACD28_STIM_WT_CD4_TCELL_DN,ART_long,ART,long,0,1,0,0,0,0,1,0.0473372781065089,0.00931866073519082,0.000191731,0.012943026,0.011454832,8826/26207/3560/3683/54815/5305/8672/1871,8,5.07983705509797,39.5314234172209,32.1004112600423,1096,126
GSE45739_UNSTIM_VS_ACD3_ACD28_STIM_WT_CD4_TCELL_UP,ART_long,ART,long,0,1,0,0,0,0,2,0.0414201183431953,0.00936548817607118,0.001093254,0.031646459,0.028007739,3655/10144/4215/3077/9466/50852/51176,7,4.42263313609467,5.10268202843214,14.3371359989901,481,127
GSE4984_LPS_VS_VEHICLE_CTRL_TREATED_DC_DN,ART_long,ART,long,0,0,0,0,1,0,1,0.0414201183431953,0.00927183329431047,0.001031324,0.031646459,0.028007739,4967/23406/8826/7009/23102/148867/10788,7,4.46730619807543,9.62512646086975,22.092620412228,706,128
GSE5542_UNTREATED_VS_IFNA_TREATED_EPITHELIAL_CELLS_6H_UP,ART_long,ART,long,1,0,0,0,0,1,2,0.0532544378698225,0.00931866073519082,3.06e-05,0.005149227,0.004557167,4967/23406/8826/3560/57649/6777/7798/283989/1822,9,5.71481668698522,22.4969153511157,30.3460104987502,686,129
GSE5542_UNTREATED_VS_IFNG_TREATED_EPITHELIAL_CELLS_24H_UP,ART_long,ART,long,1,0,0,0,0,1,2,0.0473372781065089,0.00927183329431047,0.000185253,0.012943026,0.011454832,4967/8826/3560/6777/6645/23365/7798/283989,8,5.10549279780049,13.8787583125043,27.8548132839579,740,130
GSE5542_UNTREATED_VS_IFNG_TREATED_EPITHELIAL_CELLS_6H_DN,ART_long,ART,long,1,0,0,0,0,1,1,0.0414201183431953,0.00936548817607118,0.001093254,0.031646459,0.028007739,8705/79956/9962/23102/4277/5305/1739,7,4.42263313609467,2.00970102152256,39.2246799242114,702,131
GSE5589_LPS_AND_IL10_VS_LPS_AND_IL6_STIM_IL10_KO_MACROPHAGE_45MIN_DN,ART_long,ART,long,0,0,0,0,1,1,1,0.0414201183431953,0.00936548817607118,0.001093254,0.031646459,0.028007739,23048/3683/51460/7251/9274/5094/7982,7,4.42263313609467,65.8909445788577,24.1618308215143,689,132
GSE5589_UNSTIM_VS_45MIN_LPS_AND_IL10_STIM_MACROPHAGE_UP,ART_long,ART,long,0,0,0,0,1,1,2,0.0414201183431953,0.00936548817607118,0.001093254,0.031646459,0.028007739,23476/10048/7009/4795/976/6891/8726,7,4.42263313609467,25.2525576284144,11.7426022824839,403,133
GSE5589_UNSTIM_VS_45MIN_LPS_AND_IL6_STIM_MACROPHAGE_UP,ART_long,ART,long,0,0,0,0,1,1,2,0.0414201183431953,0.00936548817607118,0.001093254,0.031646459,0.028007739,4363/55193/79801/10129/9267/79058/23013,7,4.42263313609467,12.9031673690868,37.5398562209805,556,134
GSE5679_CTRL_VS_PPARG_LIGAND_ROSIGLITAZONE_TREATED_DC_DN,ART_long,ART,long,0,0,0,0,1,0,1,0.0414201183431953,0.00936548817607118,0.001093254,0.031646459,0.028007739,753/23112/976/8672/6777/23365/1399,7,4.42263313609467,14.9311372068273,38.9716096274581,993,135
GSE6092_IFNG_VS_IFNG_AND_B_BURGDORFERI_INF_ENDOTHELIAL_CELL_UP,ART_long,ART,long,1,0,0,0,0,1,2,0.0473372781065089,0.00842893935846406,9.6e-05,0.012943026,0.011454832,3655/23303/8832/5305/23112/10129/8672/56204,8,5.61604207758054,9.86603601016965,31.4724017844161,1046,136
GSE6092_UNSTIM_VS_IFNG_STIM_ENDOTHELIAL_CELL_DN,ART_long,ART,long,1,0,0,0,0,1,1,0.0473372781065089,0.00931866073519082,0.000191731,0.012943026,0.011454832,26207/1060/8832/50650/60468/23112/26036/2035,8,5.07983705509797,13.3041143618364,28.1341734254271,1243,137
GSE7219_UNSTIM_VS_LPS_AND_ANTI_CD40_STIM_NIK_NFKB2_KO_DC_UP,ART_long,ART,long,0,0,0,0,1,1,2,0.0414201183431953,0.00833528447670335,0.000551348,0.031646459,0.028007739,8832/60468/9466/10788/10129/9267/51176,7,4.96925071471312,14.7995732104563,32.1807004430083,921,138
GSE7348_UNSTIM_VS_TOLERIZED_AND_LPS_STIM_MACROPHAGE_UP,ART_long,ART,long,0,0,0,0,1,0,2,0.0414201183431953,0.00758604542261765,0.000313047,0.01983087,0.01755071,57690/23303/23048/64324/51460/79613/64783,7,5.46004090875886,31.3117175956865,36.1425549452613,782,139
GSE7460_FOXP3_MUT_VS_WT_ACT_TCONV_DN,ART_long,ART,long,1,0,0,0,0,0,1,0.0473372781065089,0.00927183329431047,0.000185253,0.012943026,0.011454832,4967/57153/817/324/148867/10129/23013/51176,8,5.10549279780049,18.2893501813094,24.6374710041683,918,140
GSE7460_FOXP3_MUT_VS_WT_ACT_WITH_TGFB_TCONV_DN,ART_long,ART,long,1,0,0,0,0,1,1,0.0473372781065089,0.00936548817607118,0.000198395,0.012943026,0.011454832,26207/283450/50650/9466/976/6777/50852/51176,8,5.05443786982248,11.7567286831761,22.8077218801948,1058,141
GSE7460_WT_VS_FOXP3_HET_ACT_WITH_TGFB_TCONV_UP,ART_long,ART,long,1,0,0,0,0,1,2,0.0532544378698225,0.00936548817607118,3.18e-05,0.005149227,0.004557167,26207/283450/50650/324/976/148867/1739/50852/51176,9,5.6862426035503,7.68972647310578,24.8233804870347,1083,142
GSE7568_IL4_VS_IL4_AND_DEXAMETHASONE_TREATED_MACROPHAGE_DN,ART_long,ART,long,0,0,0,0,1,1,1,0.0414201183431953,0.00707094357293374,0.000203747,0.013096734,0.011590867,57690/26207/3716/55870/8672/23077/84186,7,5.85779223323798,10.5931820027305,33.552673875029,897,143
GSE7764_IL15_NK_CELL_24H_VS_SPLENOCYTE_DN,ART_long,ART,long,1,0,0,0,0,1,1,0.0414201183431953,0.00931866073519082,0.001061934,0.031646459,0.028007739,60468/976/3716/54165/10129/9267/23365,7,4.44485742321073,16.4329194278076,31.2111203349424,908,144
GSE7768_OVA_ALONE_VS_OVA_WITH_LPS_IMMUNIZED_MOUSE_WHOLE_SPLEEN_6H_DN,ART_long,ART,long,0,0,0,0,0,0,1,0.0473372781065089,0.0079606649496605,6.44e-05,0.009701965,0.00858643,255231/4795/59269/196/9693/23102/10767/117584,8,5.94639749390881,1.97068625639622,22.1457585398197,976,145
GSE8685_IL2_STARVED_VS_IL2_ACT_IL2_STARVED_CD4_TCELL_UP,ART_long,ART,long,0,1,0,0,0,1,2,0.0473372781065089,0.00931866073519082,0.000191731,0.012943026,0.011454832,753/23214/5533/50650/6891/1739/114799/51735,8,5.07983705509797,19.307496794693,28.7663362869051,917,146
GSE9006_HEALTHY_VS_TYPE_1_DIABETES_PBMC_1MONTH_POST_DX_UP,ART_long,ART,long,0,0,0,0,1,0,2,0.0414201183431953,0.00936548817607118,0.001093254,0.031646459,0.028007739,10144/26065/23443/8672/6891/6645/5094,7,4.42263313609467,43.2524418397029,14.6086060060204,523,147
GSE9037_CTRL_VS_LPS_4H_STIM_BMDM_DN,ART_long,ART,long,0,0,0,0,1,0,1,0.0473372781065089,0.00936548817607118,0.000198395,0.012943026,0.011454832,29035/5533/3683/51460/29123/6891/7251/7982,8,5.05443786982248,56.937618945878,19.3069744741322,782,148
GSE9037_WT_VS_IRAK4_KO_LPS_4H_STIM_BMDM_UP,ART_long,ART,long,0,0,0,0,1,0,2,0.0414201183431953,0.00936548817607118,0.001093254,0.031646459,0.028007739,255231/59269/5533/57649/29123/10788/56852,7,4.42263313609467,14.8443774106345,25.3492094294278,951,149
GSE9650_EFFECTOR_VS_MEMORY_CD8_TCELL_DN,ART_long,ART,long,0,0,1,0,0,0,1,0.0414201183431953,0.00936548817607118,0.001093254,0.031646459,0.028007739,6223/255231/8289/57649/6645/84937/23077,7,4.42263313609467,55.8234454371937,22.0308377419689,523,150
NAKAYA_MONOCYTE_FLUMIST_AGE_18_50YO_7DY_UP,ART_long,ART,long,0,0,0,0,1,0,2,0.0769230769230769,0.0223835167408101,0.000116295,0.012943026,0.011454832,3655/55972/6929/22992/10144/79956/283450/9466/54878/23064/4700/1739/23163,13,3.43659478596717,10.6930467802395,29.5252913751017,797,151
NAKAYA_PBMC_FLUARIX_FLUVIRIN_AGE_18_50YO_CORRELATED_WITH_HAI_28DY_RESPONSE_AT_3DY_NEGATIVE,ART_long,ART,long,0,0,0,0,1,0,0,0.0828402366863905,0.0170451884804495,1.28e-06,0.001869571,0.001654607,3655/10163/65117/378938/60468/3716/50852/56204/54856/5094/114799/51176/51735/55818,14,4.86003641329085,395.535553623759,14.4814426075332,1362,152
NAKAYA_PBMC_FLUARIX_FLUVIRIN_AGE_18_50YO_CORRELATED_WITH_HAI_28DY_RESPONSE_AT_7DY_NEGATIVE,ART_long,ART,long,0,0,0,0,1,0,0,0.0769230769230769,0.022243034418169,0.000109252,0.012943026,0.011454832,25981/255231/4026/57494/378938/60468/26036/6777/50852/54856/5094/51176/7798,13,3.4582995951417,423.981170762682,16.1054519023169,1185,153
GSE10147_IL3_VS_IL3_AND_HIVP17_STIM_PDC_UP,ART_short,ART,short,0,0,0,0,1,1,2,0.0514705882352941,0.00777335518613908,9.52e-05,0.013429159,0.011493238,57521/84961/23059/5925/23248/114804/7414,7,6.62141211906449,5.10486438853227,34.659718405805,1156,154
GSE10273_HIGH_VS_LOW_IL7_TREATED_IRF4_8_NULL_PRE_BCELL_DN,ART_short,ART,short,0,0,0,1,0,1,1,0.0514705882352941,0.00927183329431047,0.00028216,0.019792714,0.016939435,7187/57690/1778/3710/29110/10956/4700,7,5.55128490790255,21.4803913407778,47.5430120055947,319,155
GSE10325_CD4_TCELL_VS_BCELL_UP,ART_short,ART,short,0,1,0,1,0,0,2,0.0808823529411765,0.00927183329431047,5.85e-08,8.4e-05,7.19e-05,22848/399665/3707/5775/23059/5295/8631/138151/5588/1540/5578,11,8.7234477124183,22.1342394299623,33.7154932887869,1068,156
GSE10325_CD4_TCELL_VS_MYELOID_UP,ART_short,ART,short,0,1,0,0,1,0,2,0.0882352941176471,0.00931866073519082,5.69e-09,2.33e-05,1.99e-05,399665/3707/5775/23059/10055/5295/8631/5588/1606/5900/1540/5578,12,9.46866686373042,20.9993794362284,31.1175683114287,1393,157
GSE10325_LUPUS_CD4_TCELL_VS_LUPUS_BCELL_UP,ART_short,ART,short,0,1,0,1,0,0,2,0.0808823529411765,0.00931866073519082,6.16e-08,8.4e-05,7.19e-05,399665/3707/5775/23059/9797/5295/8631/5588/1606/1540/5578,11,8.67961129175288,23.4754003700972,28.2935522533713,1036,158
GSE10325_LUPUS_CD4_TCELL_VS_LUPUS_MYELOID_UP,ART_short,ART,short,0,1,0,0,1,0,2,0.0588235294117647,0.00931866073519082,4.2e-05,0.006593738,0.005643198,5533/399665/5775/9797/8631/5588/3710/5578,8,6.31244457582028,16.4610063075772,30.127394719704,698,159
GSE11057_CD4_CENT_MEM_VS_PBMC_UP,ART_short,ART,short,0,1,0,0,1,0,2,0.0514705882352941,0.00922500585343011,0.000273617,0.019792714,0.016939435,55690/89846/3707/55870/5588/1606/3710,7,5.57946401911018,22.361080730434,20.7174891332563,871,160
GSE11057_EFF_MEM_VS_CENT_MEM_CD4_TCELL_DN,ART_short,ART,short,0,1,0,0,0,0,1,0.0514705882352941,0.00880355888550691,0.000205702,0.019792714,0.016939435,5533/57634/50807/55870/10055/9918/23499,7,5.84656602002503,13.4845425826581,26.4895817766509,1080,161
GSE11961_GERMINAL_CENTER_BCELL_DAY7_VS_PLASMA_CELL_DAY7_UP,ART_short,ART,short,0,0,0,1,0,0,2,0.0514705882352941,0.00936548817607118,0.00029989,0.019792714,0.016939435,399665/8287/3607/5933/29110/30844/5888,7,5.49577205882353,13.1446642253726,44.6262699630107,574,162
GSE11961_MARGINAL_ZONE_BCELL_VS_GERMINAL_CENTER_BCELL_DAY40_UP,ART_short,ART,short,0,0,0,1,0,0,2,0.0588235294117647,0.00931866073519082,4.2e-05,0.006593738,0.005643198,22848/7182/9851/23186/5295/57410/5933/114804,8,6.31244457582028,13.5125517031306,39.8863366662802,739,163
GSE11961_MARGINAL_ZONE_BCELL_VS_GERMINAL_CENTER_BCELL_DAY7_DN,ART_short,ART,short,0,0,0,1,0,0,1,0.0514705882352941,0.00936548817607118,0.00029989,0.019792714,0.016939435,55852/54838/9693/57410/5933/29110/5888,7,5.49577205882353,2.50028895580416,24.7085487350385,471,164
GSE12366_GC_BCELL_VS_PLASMA_CELL_UP,ART_short,ART,short,0,0,0,1,0,0,2,0.0661764705882353,0.00922500585343011,4.92e-06,0.002427528,0.00207758,55421/84458/65125/284611/10055/120/5888/259230/7443,9,7.17359659599881,8.85686888045337,23.6585383541364,976,165
GSE12392_WT_VS_IFNB_KO_CD8A_NEG_SPLEEN_DC_DN,ART_short,ART,short,0,0,0,0,1,1,1,0.0514705882352941,0.00936548817607118,0.00029989,0.019792714,0.016939435,1729/246175/65125/5880/5900/84181/11064,7,5.49577205882353,24.4897246889734,38.6190980713105,580,166
GSE12845_IGD_POS_BLOOD_VS_DARKZONE_GC_TONSIL_BCELL_DN,ART_short,ART,short,0,0,0,1,0,0,1,0.0588235294117647,0.00931866073519082,4.2e-05,0.006593738,0.005643198,3707/10055/3183/30844/2961/5578/54870/259230,8,6.31244457582028,10.8309317343637,30.0340691350495,1096,167
GSE13411_IGM_MEMORY_BCELL_VS_PLASMA_CELL_UP,ART_short,ART,short,0,0,0,1,0,1,2,0.0588235294117647,0.00927183329431047,4.05e-05,0.006593738,0.005643198,1729/83478/10464/3707/6894/1606/7414/11064,8,6.34432560903149,14.8765979510308,19.6995645452704,682,168
GSE13411_SWITCHED_MEMORY_BCELL_VS_PLASMA_CELL_UP,ART_short,ART,short,0,0,0,1,0,0,2,0.0588235294117647,0.00936548817607118,4.35e-05,0.006593738,0.005643198,23515/83478/10464/6894/5295/1606/9712/259230,8,6.28088235294118,12.7253339676854,23.025191942725,569,169
GSE14000_4H_VS_16H_LPS_DC_TRANSLATED_RNA_UP,ART_short,ART,short,0,0,0,0,1,0,2,0.0514705882352941,0.00917817841254975,0.000265283,0.019792714,0.016939435,22848/91942/83478/6894/50807/7187/3064,7,5.60793067226891,9.1738807137613,38.3121776329873,638,170
GSE14000_UNSTIM_VS_16H_LPS_DC_TRANSLATED_RNA_UP,ART_short,ART,short,0,0,0,0,1,0,2,0.0514705882352941,0.00922500585343011,0.000273617,0.019792714,0.016939435,22848/6894/50807/5775/7187/138151/7414,7,5.57946401911018,9.79949724135154,36.2549514470766,625,171
GSE1460_INTRATHYMIC_T_PROGENITOR_VS_CD4_THYMOCYTE_DN,ART_short,ART,short,1,1,0,0,0,0,1,0.0514705882352941,0.00931866073519082,0.000290916,0.019792714,0.016939435,399665/3707/9797/8631/5880/30844/7414,7,5.52338900384274,23.4027685920453,30.2673701643726,631,172
GSE15330_WT_VS_IKAROS_KO_HSC_UP,ART_short,ART,short,1,0,0,0,0,0,2,0.0514705882352941,0.00936548817607118,0.00029989,0.019792714,0.016939435,1520/5339/5880/10905/26133/7414/54870,7,5.49577205882353,30.2963755135673,31.957738599225,518,173
GSE16450_IMMATURE_VS_MATURE_NEURON_CELL_LINE_UP,ART_short,ART,short,1,0,0,0,0,0,2,0.0514705882352941,0.0091313509716694,0.000257155,0.019792714,0.016939435,246175/399665/89846/84961/5295/5588/120,7,5.63668929110106,32.744790417095,27.8556358559023,799,174
GSE16522_ANTI_CD3CD28_STIM_VS_UNSTIM_NAIVE_CD8_TCELL_DN,ART_short,ART,short,0,0,1,0,0,0,1,0.0588235294117647,0.00927183329431047,4.05e-05,0.006593738,0.005643198,55852/55690/399665/57690/4627/5933/9918/7443,8,6.34432560903149,24.3251581204556,43.3185128629118,565,175
GSE17721_0.5H_VS_12H_GARDIQUIMOD_BMDC_DN,ART_short,ART,short,0,0,0,0,1,0,1,0.0588235294117647,0.00936548817607118,4.35e-05,0.006593738,0.005643198,23515/3707/23293/9889/1606/57410/5933/10905,8,6.28088235294118,13.4967842466909,39.9617963275189,781,176
GSE1925_CTRL_VS_IFNG_PRIMED_MACROPHAGE_3H_IFNG_STIM_UP,ART_short,ART,short,0,0,0,0,1,1,2,0.0514705882352941,0.00814797471318192,0.000127622,0.017407613,0.014898165,7182/246175/1520/84961/4627/2961/55291,7,6.31697937795808,25.305134729617,18.8007562221423,442,177
GSE21033_CTRL_VS_POLYIC_STIM_DC_24H_UP,ART_short,ART,short,0,0,0,0,1,0,2,0.0441176470588235,0.00730508077733552,0.000496755,0.032265425,0.027614104,55690/89846/84961/1540/23248/552900,6,6.03930995475113,50.7782647355182,15.9968967571332,561,178
GSE21063_CTRL_VS_ANTI_IGM_STIM_BCELL_NFATC1_KO_3H_DN,ART_short,ART,short,0,0,0,1,0,1,1,0.0514705882352941,0.00880355888550691,0.000205702,0.019792714,0.016939435,55852/7182/399665/5295/23198/9727/84181,7,5.84656602002503,23.1751186382336,37.4662955197923,479,179
GSE21063_CTRL_VS_ANTI_IGM_STIM_BCELL_NFATC1_KO_8H_UP,ART_short,ART,short,0,0,0,1,0,1,2,0.0514705882352941,0.00894404120814797,0.000226624,0.019792714,0.016939435,246175/399665/3707/84961/9693/5295/23198,7,5.75473514012935,31.1012045158882,22.6063181820949,711,180
GSE21360_PRIMARY_VS_TERTIARY_MEMORY_CD8_TCELL_UP,ART_short,ART,short,0,0,1,0,0,0,2,0.0588235294117647,0.00936548817607118,4.35e-05,0.006593738,0.005643198,10464/5339/9797/54838/5295/1432/5880/552900,8,6.28088235294118,50.7270737904117,26.830858011629,599,181
GSE21670_UNTREATED_VS_IL6_TREATED_CD4_TCELL_DN,ART_short,ART,short,0,1,0,0,0,1,1,0.0514705882352941,0.00936548817607118,0.00029989,0.019792714,0.016939435,22848/55690/399665/3707/50807/3710/10956,7,5.49577205882353,27.1656402342186,22.7647293166815,763,182
GSE21927_C26GM_VS_4T1_TUMOR_MONOCYTE_BALBC_DN,ART_short,ART,short,0,0,0,0,1,0,1,0.0588235294117647,0.00931866073519082,4.2e-05,0.006593738,0.005643198,22848/1387/54838/1432/120/23499/1540/10905,8,6.31244457582028,21.7144506597789,22.9740974209577,830,183
GSE21927_SPLEEN_C57BL6_VS_EL4_TUMOR_BALBC_MONOCYTES_UP,ART_short,ART,short,0,0,0,0,1,0,2,0.0514705882352941,0.00931866073519082,0.000290916,0.019792714,0.016939435,22848/5533/1387/1432/120/23499/10905,7,5.52338900384274,19.9141270311357,24.8639516737253,833,184
GSE22601_CD4_SINGLE_POSITIVE_VS_CD8_SINGLE_POSITIVE_THYMOCYTE_DN,ART_short,ART,short,0,1,1,0,0,0,1,0.0588235294117647,0.00936548817607118,4.35e-05,0.006593738,0.005643198,399665/3707/1606/3660/2885/155038/29123/4700,8,6.28088235294118,25.7176604871756,36.7335151542535,892,185
GSE22886_CD4_TCELL_VS_BCELL_NAIVE_UP,ART_short,ART,short,0,1,0,1,0,0,2,0.0661764705882353,0.00927183329431047,5.13e-06,0.002427528,0.00207758,399665/3707/65125/5775/10055/5295/51586/5900/5578,9,7.13736631016043,24.116462883422,36.6052397276754,1216,186
GSE22886_IGM_MEMORY_BCELL_VS_BM_PLASMA_CELL_UP,ART_short,ART,short,0,0,0,1,0,1,2,0.0514705882352941,0.00936548817607118,0.00029989,0.019792714,0.016939435,23515/83478/84458/1606/22806/120/29761,7,5.49577205882353,12.4997351564691,27.8430426435725,591,187
GSE22886_NAIVE_CD4_TCELL_VS_MONOCYTE_UP,ART_short,ART,short,0,1,0,0,1,0,2,0.0588235294117647,0.00922500585343011,3.91e-05,0.006593738,0.005643198,399665/5775/5295/8631/5588/1606/3710/5578,8,6.37653030755449,25.7757538600856,29.5087377959126,753,188
GSE22886_NAIVE_CD8_TCELL_VS_MONOCYTE_UP,ART_short,ART,short,0,0,1,0,1,0,2,0.0588235294117647,0.00931866073519082,4.2e-05,0.006593738,0.005643198,399665/8287/5775/8631/5588/3710/23499/5578,8,6.31244457582028,20.9311872212109,36.428188618439,920,189
GSE22886_NAIVE_TCELL_VS_DC_UP,ART_short,ART,short,1,0,0,0,1,0,2,0.0514705882352941,0.00931866073519082,0.000290916,0.019792714,0.016939435,5533/8631/5588/1606/120/3710/23347,7,5.52338900384274,18.5386258431108,25.724056740468,653,190
GSE22886_NAIVE_TCELL_VS_MONOCYTE_UP,ART_short,ART,short,1,0,0,0,1,0,2,0.0514705882352941,0.00927183329431047,0.00028216,0.019792714,0.016939435,399665/9797/8631/5588/1606/3710/5578,7,5.55128490790255,24.1905695138989,32.456499277134,582,191
GSE22886_TCELL_VS_BCELL_NAIVE_UP,ART_short,ART,short,1,0,0,2,0,0,2,0.0514705882352941,0.00931866073519082,0.000290916,0.019792714,0.016939435,399665/3707/10055/5588/1606/51586/5578,7,5.52338900384274,24.8375722702385,38.5479775547743,1040,192
GSE24210_CTRL_VS_IL35_TREATED_TCONV_CD4_TCELL_UP,ART_short,ART,short,0,1,0,0,0,1,2,0.0735294117647059,0.00936548817607118,6.33e-07,0.000647808,0.000554421,23515/246175/399665/2175/84458/7187/5880/3660/3710/9712,10,7.85110294117647,19.8172836001399,45.5860603308655,685,193
GSE24671_CTRL_VS_BAKIMULC_INFECTED_MOUSE_SPLENOCYTES_UP,ART_short,ART,short,1,0,0,0,0,0,2,0.0514705882352941,0.00936548817607118,0.00029989,0.019792714,0.016939435,83478/84458/8631/4627/23248/84181/259230,7,5.49577205882353,14.7329443454792,30.2452189010058,669,194
GSE24671_CTRL_VS_SENDAI_VIRUS_INFECTED_MOUSE_SPLENOCYTES_DN,ART_short,ART,short,1,0,0,0,0,0,1,0.0514705882352941,0.00931866073519082,0.000290916,0.019792714,0.016939435,124245/55690/246175/7187/57690/9693/2530,7,5.52338900384274,12.633213304367,40.2489253391969,512,195
GSE25677_MPL_VS_MPL_AND_R848_STIM_BCELL_UP,ART_short,ART,short,0,0,0,1,0,0,2,0.0441176470588235,0.00749239054085694,0.000567807,0.036304186,0.031070645,1520/157378/23186/51586/23347/10403,6,5.88832720588235,20.968972587845,48.0899631578015,336,196
GSE25677_MPL_VS_R848_STIM_BCELL_DN,ART_short,ART,short,0,0,0,1,0,0,1,0.0514705882352941,0.00847576679934442,0.000162904,0.019792714,0.016939435,1606/3660/4627/120/10403/7170/30844,7,6.0726763080923,23.9637576849089,29.1621563551878,589,197
GSE27241_WT_VS_RORGT_KO_TH17_POLARIZED_CD4_TCELL_TREATED_WITH_DIGOXIN_UP,ART_short,ART,short,0,1,0,0,0,0,2,0.0661764705882353,0.00842893935846406,2.35e-06,0.001922337,0.001645217,246175/23139/65125/1387/5925/9918/9520/23499/5578,9,7.85110294117647,19.0222417513184,33.7867301499829,1039,198
GSE2770_TGFB_AND_IL4_VS_IL12_TREATED_ACT_CD4_TCELL_6H_UP,ART_short,ART,short,0,1,0,0,0,1,2,0.0588235294117647,0.00936548817607118,4.35e-05,0.006593738,0.005643198,22848/1520/399665/9797/5588/4627/23198/11064,8,6.28088235294118,36.5980479394998,32.8559795147585,643,199
GSE31082_DN_VS_CD8_SP_THYMOCYTE_DN,ART_short,ART,short,1,0,0,0,0,0,1,0.0514705882352941,0.00936548817607118,0.00029989,0.019792714,0.016939435,10892/23515/65125/7187/1387/5880/83891,7,5.49577205882353,18.8416187163819,56.7576755905436,522,200
GSE32533_WT_VS_MIR17_KO_ACT_CD4_TCELL_DN,ART_short,ART,short,0,1,0,0,0,0,1,0.0661764705882353,0.00922500585343011,4.92e-06,0.002427528,0.00207758,23476/9851/5925/7170/23527/10905/155038/84181/1315,9,7.17359659599881,10.389050692849,24.9826221805369,513,201
GSE35685_CD34POS_CD38NEG_VS_CD34POS_CD10NEG_CD62LPOS_BONE_MARROW_UP,ART_short,ART,short,0,0,0,0,0,0,2,0.0588235294117647,0.00936548817607118,4.35e-05,0.006593738,0.005643198,23476/721/65125/5339/10425/7414/4700/2530,8,6.28088235294118,25.2969455580084,26.5287199198103,604,202
GSE360_CTRL_VS_B_MALAYI_HIGH_DOSE_MAC_DN,ART_short,ART,short,0,0,0,0,1,0,1,0.0588235294117647,0.00936548817607118,4.35e-05,0.006593738,0.005643198,23476/1203/399665/3707/23186/8904/5933/9520,8,6.28088235294118,24.786422606636,45.4049498348634,730,203
GSE360_L_MAJOR_VS_B_MALAYI_HIGH_DOSE_DC_DN,ART_short,ART,short,0,0,0,0,1,0,1,0.0514705882352941,0.00927183329431047,0.00028216,0.019792714,0.016939435,9851/5925/1778/5933/23198/7414/7443,7,5.55128490790255,15.6466890107844,43.2167015519727,628,204
GSE3982_MAST_CELL_VS_CENT_MEMORY_CD4_TCELL_DN,ART_short,ART,short,0,1,0,0,1,0,1,0.0514705882352941,0.00927183329431047,0.00028216,0.019792714,0.016939435,83478/5775/23059/120/23499/29123/29761,7,5.55128490790255,13.5022677613686,34.4050514695824,1017,205
GSE40273_GATA1_KO_VS_WT_TREG_DN,ART_short,ART,short,1,0,0,0,0,0,1,0.0588235294117647,0.00931866073519082,4.2e-05,0.006593738,0.005643198,10892/55690/5339/120/23527/155038/29123/29761,8,6.31244457582028,23.0561736933246,41.8583710729158,974,206
GSE40274_CTRL_VS_FOXP3_AND_HELIOS_TRANSDUCED_ACTIVATED_CD4_TCELL_UP,ART_short,ART,short,0,1,0,0,0,0,2,0.0514705882352941,0.00922500585343011,0.000273617,0.019792714,0.016939435,246175/50807/57690/1432/22806/7170/29761,7,5.57946401911018,17.430692237749,27.3761844009104,590,207
GSE41867_DAY8_VS_DAY15_LCMV_CLONE13_EFFECTOR_CD8_TCELL_UP,ART_short,ART,short,0,0,1,0,0,0,2,0.0514705882352941,0.00936548817607118,0.00029989,0.019792714,0.016939435,23293/284611/1387/51586/23384/9712/259230,7,5.49577205882353,9.7029001075541,49.7718722696032,682,208
GSE41867_NAIVE_VS_DAY15_LCMV_EFFECTOR_CD8_TCELL_DN,ART_short,ART,short,0,0,1,0,0,0,1,0.0514705882352941,0.00936548817607118,0.00029989,0.019792714,0.016939435,23476/1387/4627/120/84181/9712/259230,7,5.49577205882353,21.2324114186673,38.5252212001583,613,209
GSE41867_NAIVE_VS_DAY6_LCMV_EFFECTOR_CD8_TCELL_DN,ART_short,ART,short,0,0,1,0,0,0,1,0.0514705882352941,0.00936548817607118,0.00029989,0.019792714,0.016939435,23293/55870/4627/1778/51586/5900/84181,7,5.49577205882353,28.3131720271737,65.351057117789,748,210
GSE42021_CD24HI_TREG_VS_CD24HI_TCONV_THYMUS_DN,ART_short,ART,short,1,0,0,0,0,0,1,0.0514705882352941,0.00936548817607118,0.00029989,0.019792714,0.016939435,22848/51068/51807/399665/10425/2961/7414,7,5.49577205882353,19.4306343259034,21.6881365640033,462,211
GSE43863_NAIVE_VS_MEMORY_LY6C_INT_CXCR5POS_CD4_TCELL_D150_LCMV_UP,ART_short,ART,short,0,1,0,0,0,1,2,0.0514705882352941,0.00936548817607118,0.00029989,0.019792714,0.016939435,5339/57690/5925/3660/4627/120/259230,7,5.49577205882353,27.327381236207,45.6547865553903,986,212
GSE45365_WT_VS_IFNAR_KO_CD8A_DC_MCMV_INFECTION_UP,ART_short,ART,short,0,0,0,0,1,1,2,0.0661764705882353,0.00931866073519082,5.34e-06,0.002427528,0.00207758,23476/22848/1203/50807/138151/51586/23499/10956/7414,9,7.10150014779781,23.3669738726105,28.7283281919647,949,213
GSE5589_LPS_VS_LPS_AND_IL10_STIM_IL10_KO_MACROPHAGE_45MIN_DN,ART_short,ART,short,0,0,0,0,1,1,1,0.0588235294117647,0.00936548817607118,4.35e-05,0.006593738,0.005643198,51807/221477/5880/22806/120/5900/155038/552900,8,6.28088235294118,37.9095812234393,29.1841965154152,698,214
GSE6259_BCELL_VS_CD8_TCELL_DN,ART_short,ART,short,0,0,1,1,0,0,1,0.0588235294117647,0.00927183329431047,4.05e-05,0.006593738,0.005643198,84458/84961/284611/9693/1432/10403/54870/7443,8,6.34432560903149,3.96471171806055,18.6592654370174,602,215
GSE7219_WT_VS_NIK_NFKB2_KO_DC_DN,ART_short,ART,short,0,0,0,1,0,0,1,0.0441176470588235,0.00791383750878014,0.000756521,0.047625883,0.040760229,246175/5588/1606/120/23499/259230,6,5.57474765053951,26.1393383994235,24.9610829441471,960,216
GSE7768_OVA_ALONE_VS_OVA_WITH_MPL_IMMUNIZED_MOUSE_WHOLE_SPLEEN_6H_DN,ART_short,ART,short,0,0,0,0,0,0,1,0.0514705882352941,0.00767970030437837,8.82e-05,0.012891962,0.011033482,23515/284611/3660/23198/9520/30844/29761,7,6.70216104734577,4.61261997549601,29.9899182051889,435,217
GSE7852_LN_VS_THYMUS_TCONV_DN,ART_short,ART,short,1,0,0,0,0,0,1,0.0514705882352941,0.00936548817607118,0.00029989,0.019792714,0.016939435,9889/284611/5925/126298/5888/7414/2530,7,5.49577205882353,21.0651504626867,25.8915296164249,623,218
GSE12003_4D_VS_8D_CULTURE_MIR223_KO_BM_PROGENITOR_DN,ART_untreat,ART,untreat,1,0,0,0,0,0,1,0.0630630630630631,0.00786701006789979,2.81e-05,0.03544994,0.033891088,64793/5476/7421/54476/257160/6249/9882,7,8.01614114114114,12.6260768823391,21.0615254549364,582,219
GSE13411_SWITCHED_MEMORY_BCELL_VS_PLASMA_CELL_UP,ART_untreat,ART,untreat,0,0,0,1,0,0,2,0.0630630630630631,0.00936548817607118,8.49e-05,0.04013833,0.038373314,55666/8500/1455/79828/80208/51742/11165,7,6.73355855855856,7.21143419478045,27.5224841789226,544,220
GSE16450_IMMATURE_VS_MATURE_NEURON_CELL_LINE_UP,ART_untreat,ART,untreat,1,0,0,0,0,0,2,0.0720720720720721,0.0091313509716694,8.28e-06,0.018831217,0.018003145,84166/64784/89846/9267/1455/9960/5165/378938,8,7.89281589281589,677.566178132385,31.4472100071913,539,221
GSE17974_0.5H_VS_72H_IL4_AND_ANTI_IL12_ACT_CD4_TCELL_DN,ART_untreat,ART,untreat,0,1,0,0,0,1,1,0.0630630630630631,0.00917817841254975,7.48e-05,0.04013833,0.038373314,2175/965/84316/5571/342945/5690/23019,7,6.87097812097812,8.56130303851341,26.2500513294869,365,222
GSE21927_SPLENIC_VS_TUMOR_MONOCYTES_FROM_C26GM_TUMOROUS_MICE_BALBC_DN,ART_untreat,ART,untreat,0,0,0,0,1,0,1,0.0630630630630631,0.00927183329431047,7.97e-05,0.04013833,0.038373314,54850/80208/23774/79663/6872/9611/23499,7,6.8015743015743,23.2583328976536,29.4742536651625,693,223
GSE22886_NAIVE_CD8_TCELL_VS_NKCELL_UP,ART_untreat,ART,untreat,1,0,1,0,0,0,2,0.0630630630630631,0.00927183329431047,7.97e-05,0.04013833,0.038373314,1265/104/54476/2926/22955/9882/7326,7,6.8015743015743,33.0359172762412,35.0943732878054,668,224
GSE3982_EOSINOPHIL_VS_BASOPHIL_DN,ART_untreat,ART,untreat,1,0,0,0,0,0,1,0.0630630630630631,0.00927183329431047,7.97e-05,0.04013833,0.038373314,10664/64784/84316/9611/157680/51/6599,7,6.8015743015743,10.2094554780802,28.2827660551063,563,225
GSE9988_ANTI_TREM1_VS_CTRL_TREATED_MONOCYTES_DN,ART_untreat,ART,untreat,0,0,0,0,1,0,1,0.0720720720720721,0.00936548817607118,9.96e-06,0.018831217,0.018003145,10664/64784/4297/89846/9960/9611/51/3454,8,7.69549549549549,24.2331902830013,28.0152883866409,472,226
GSE10147_IL3_VS_IL3_AND_HIVP17_STIM_PDC_UP,EC_long,EC,long,0,1,0,0,0,0,2,0.0681818181818182,0.00777335518613908,6.45e-05,0.020030632,0.017275338,9742/79932/114804/57521/27327/9690,6,8.77122124863089,0.303820149278414,45.556039087013,1059,227
GSE11057_NAIVE_CD4_VS_PBMC_CD4_TCELL_UP,EC_long,EC,long,0,1,0,0,0,0,2,0.0681818181818182,0.00922500585343011,0.000165175,0.025304747,0.021823977,23370/171023/51466/113791/23731/55628,6,7.39097831102907,9.06235602949921,49.0959179216747,660,228
GSE12845_IGD_NEG_BLOOD_VS_NAIVE_TONSIL_BCELL_DN,EC_long,EC,long,0,0,0,1,0,0,1,0.0909090909090909,0.00922500585343011,1.56e-06,0.001302624,0.001123443,56894/29123/54934/22992/55671/9135/27340/90338,8,9.85463774803876,1.04747591331516,36.6258153414322,755,229
GSE13411_IGM_MEMORY_BCELL_VS_PLASMA_CELL_UP,EC_long,EC,long,0,0,0,1,0,1,2,0.0681818181818182,0.00927183329431047,0.000169779,0.025304747,0.021823977,55114/60468/9844/51466/3117/80264,6,7.35365013774105,0.689160553960993,27.9794635765202,661,230
GSE13738_RESTING_VS_TCR_ACTIVATED_CD4_TCELL_UP,EC_long,EC,long,0,1,0,0,0,0,2,0.0681818181818182,0.0091313509716694,0.000156263,0.025304747,0.021823977,321/58508/113791/11329/90338/59348,6,7.46678321678322,9.6157849532264,22.9177172436217,411,231
GSE16385_ROSIGLITAZONE_IL4_VS_IFNG_TNF_STIM_MACROPHAGE_UP,EC_long,EC,long,0,0,0,0,1,0,2,0.0795454545454545,0.00936548817607118,1.9e-05,0.00738412,0.006368404,171023/60468/1387/22992/4753/113791/8675,7,8.49346590909091,8.24859563693539,32.9558335666242,667,232
GSE16450_CTRL_VS_IFNA_12H_STIM_IMMATURE_NEURON_CELL_LINE_UP,EC_long,EC,long,1,0,0,0,0,1,2,0.0681818181818182,0.00922500585343011,0.000165175,0.025304747,0.021823977,171023/9873/4763/5116/27327/55628,6,7.39097831102907,0.48561662809988,52.8993298783515,748,233
GSE17301_ACD3_ACD28_VS_ACD3_ACD28_AND_IFNA2_STIM_CD8_TCELL_DN,EC_long,EC,long,0,0,1,0,0,1,1,0.0681818181818182,0.00936548817607118,0.000179293,0.025304747,0.021823977,55114/1387/10807/4753/10782/80345,6,7.28011363636364,0.812974992159851,34.8449565429674,259,234
GSE17301_IFNA2_VS_IFNA2_AND_ACD3_ACD28_STIM_CD8_TCELL_UP,EC_long,EC,long,0,0,1,0,0,1,2,0.0681818181818182,0.00936548817607118,0.000179293,0.025304747,0.021823977,55114/1387/10807/4753/10782/80345,6,7.28011363636364,0.812974992159851,34.8449565429674,259,235
GSE20715_0H_VS_24H_OZONE_LUNG_UP,EC_long,EC,long,0,0,0,0,0,0,2,0.0681818181818182,0.00936548817607118,0.000179293,0.025304747,0.021823977,60468/51466/4542/55690/10743/9202,6,7.28011363636364,0.818557748363945,30.5752968437098,736,236
GSE21033_1H_VS_24H_POLYIC_STIM_DC_UP,EC_long,EC,long,0,0,0,0,1,0,2,0.0681818181818182,0.0075392179817373,5.44e-05,0.018777448,0.016194535,57514/60468/64421/22853/10743/114804,6,9.04361942405421,0.381333049942996,24.8352441249176,577,237
GSE21063_3H_VS_16H_ANTI_IGM_STIM_BCELL_DN,EC_long,EC,long,0,0,0,1,0,1,1,0.0681818181818182,0.00922500585343011,0.000165175,0.025304747,0.021823977,545/1666/23085/79932/4753/9202,6,7.39097831102907,0.403675439558196,19.4914454491627,572,238
GSE21670_UNTREATED_VS_IL6_TREATED_CD4_TCELL_DN,EC_long,EC,long,0,1,0,0,0,1,1,0.0795454545454545,0.00936548817607118,1.9e-05,0.00738412,0.006368404,10807/51466/22992/55690/113791/5910/11329,7,8.49346590909091,8.84207600048109,34.8948263106171,533,239
GSE25088_WT_VS_STAT6_KO_MACROPHAGE_IL4_STIM_UP,EC_long,EC,long,0,0,0,0,1,1,2,0.0681818181818182,0.00931866073519082,0.000174485,0.025304747,0.021823977,1387/64421/22992/113791/90338/170960,6,7.3166971219735,8.93416135864222,37.7787154670558,412,240
GSE25123_CTRL_VS_IL4_AND_ROSIGLITAZONE_STIM_MACROPHAGE_UP,EC_long,EC,long,0,0,0,0,1,1,2,0.0681818181818182,0.00936548817607118,0.000179293,0.025304747,0.021823977,23085/51466/2885/4763/113791/55671,6,7.28011363636364,10.8132982183903,50.202933186024,706,241
GSE27241_WT_VS_RORGT_KO_TH17_POLARIZED_CD4_TCELL_TREATED_WITH_DIGOXIN_UP,EC_long,EC,long,0,1,0,0,0,0,2,0.102272727272727,0.00842893935846406,5.67e-08,0.000175978,0.000151771,171023/1387/23085/9873/55677/22992/58508/4763/23731,9,12.1335227272727,0.721989664556338,32.023787754097,887,242
GSE36476_CTRL_VS_TSST_ACT_72H_MEMORY_CD4_TCELL_YOUNG_UP,EC_long,EC,long,0,1,0,0,0,0,2,0.0681818181818182,0.00927183329431047,0.000169779,0.025304747,0.021823977,321/23370/1387/54934/113791/55671,6,7.35365013774105,9.11369701460774,43.1185063750029,498,243
GSE369_IFNG_KO_VS_WT_LIVER_UP,EC_long,EC,long,0,0,0,0,0,1,2,0.0909090909090909,0.00931866073519082,1.68e-06,0.001302624,0.001123443,60468/64421/221037/4926/143/10743/8675/23304,8,9.75559616263134,1.94683530836009,21.4913593201479,746,244
GSE40273_GATA1_KO_VS_WT_TREG_DN,EC_long,EC,long,1,0,0,0,0,0,1,0.102272727272727,0.00931866073519082,1.34e-07,0.000207797,0.000179214,29123/55114/23370/60468/9742/58508/55690/8675/9202,9,10.9750456829603,1.08847671905258,31.4017674322065,1216,245
GSE5503_MLN_DC_VS_PLN_DC_ACTIVATED_ALLOGENIC_TCELL_DN,EC_long,EC,long,1,0,0,0,1,0,1,0.0681818181818182,0.00936548817607118,0.000179293,0.025304747,0.021823977,171023/60468/1387/7799/114804/27327,6,7.28011363636364,0.817151910286778,43.0876419684627,634,246
NAKAYA_B_CELL_FLUARIX_FLUVIRIN_AGE_18_50YO_7DY_DN,EC_long,EC,long,0,0,0,1,0,0,1,0.102272727272727,0.0137672676188246,3.47e-06,0.002154291,0.001857959,29123/60468/64421/9844/4255/4763/5116/23013/63893,9,7.42868738404453,0.607486160125183,46.7644175955308,1389,247
NAKAYA_PBMC_FLUARIX_FLUVIRIN_AGE_18_50YO_3DY_DN,EC_long,EC,long,0,0,0,0,1,0,1,0.113636363636364,0.0202762819011941,1.17e-05,0.006037087,0.005206661,29123/321/171023/221037/54934/22992/113791/7799/10782/80264,10,5.60439848834768,6.09686389454423,28.9537774642957,1181,248
